{
  "IdleRight": {
    "Frame0": [ 0.0, 128.0, 128.0, 0.0 ],
    "Frame1": [ 128.0, 128.0, 256.0, 0.0 ],
    "Frame2": [ 256.0, 128.0, 384.0, 0.0 ],
    "NumFrames": 3,
    "Repeating": true,
    "SecsPerFrame": 0.30000001192092896
  },

  "IdleLeft": {
    "Frame0": [ 384.0, 128.0, 512.0, 0.0 ],
    "Frame1": [ 512.0, 128.0, 640.0, 0.0 ],
    "Frame2": [ 640.0, 128.0, 768.0, 0.0 ],
    "NumFrames": 3,
    "Repeating": true,
    "SecsPerFrame": 0.30000001192092896

  },
  "WalkRight": {
    "Frame0": [ 768.0, 128.0, 896.0, 0.0 ],
    "Frame1": [ 896.0, 128.0, 1024.0, 0.0 ],
    "Frame2": [ 1024.0, 128.0, 1152.0, 0.0 ],
    "Frame3": [ 1152.0, 128.0, 1280.0, 0.0 ],
    "Frame4": [ 1280.0, 128.0, 1408.0, 0.0 ],
    "Frame5": [ 1408.0, 128.0, 1536.0, 0.0 ],
    "Frame6": [ 1536.0, 128.0, 1664.0, 0.0 ],
    "NumFrames": 7,
    "Repeating": true,
    "SecsPerFrame": 0.10000001192092896
  },
  "WalkLeft": {
    "Frame0": [ 1664.0, 128.0, 1792.0, 0.0 ],
    "Frame1": [ 1792.0, 128.0, 1920.0, 0.0 ],
    "Frame2": [ 1920.0, 128.0, 2048.0, 0.0 ],
    "Frame3": [ 2048.0, 128.0, 2176.0, 0.0 ],
    "Frame4": [ 2176.0, 128.0, 2304.0, 0.0 ],
    "Frame5": [ 2304.0, 128.0, 2432.0, 0.0 ],
    "Frame6": [ 2432.0, 128.0, 2560.0, 0.0 ],
    "NumFrames": 7,
    "Repeating": true,
    "SecsPerFrame": 0.10000001192092896
  },
  "DashRight": {
    "Frame0": [ 2560.0, 128.0, 2688.0, 0.0 ],
    "Frame1": [ 2688.0, 128.0, 2816.0, 0.0 ],
    "Frame2": [ 2816.0, 128.0, 2944.0, 0.0 ],
    "Frame3": [ 2944.0, 128.0, 3072.0, 0.0 ],
    "Frame4": [ 3072.0, 128.0, 3200.0, 0.0 ],
    "Frame5": [ 3200.0, 128.0, 3328.0, 0.0 ],
    "Frame6": [ 3328.0, 128.0, 3456.0, 0.0 ],
    "Frame7": [ 3328.0, 128.0, 3456.0, 0.0 ],
    "Frame8": [ 3456.0, 128.0, 3584.0, 0.0 ],
    "Frame9": [ 3584.0, 128.0, 3712.0, 0.0 ],
    "NumFrames": 10,
    "Repeating": false,
    "SecsPerFrame": 0.10000001192092896
  },
  "DashLeft": {
    "Frame0": [ 3712.0, 128.0, 3840.0, 0.0 ],
    "Frame1": [ 3840.0, 128.0, 3968.0, 0.0 ],
    "Frame2": [ 3968.0, 128.0, 4096.0, 0.0 ],
    "Frame3": [ 4096.0, 128.0, 4224.0, 0.0 ],
    "Frame4": [ 4224.0, 128.0, 4352.0, 0.0 ],
    "Frame5": [ 4352.0, 128.0, 4480.0, 0.0 ],
    "Frame6": [ 4480.0, 128.0, 4608.0, 0.0 ],
    "Frame7": [ 4480.0, 128.0, 4608.0, 0.0 ],
    "Frame8": [ 4608.0, 128.0, 4736.0, 0.0 ],
    "Frame9": [ 4736.0, 128.0, 4864.0, 0.0 ],
    "NumFrames": 10,
    "Repeating": false,
    "SecsPerFrame": 0.10000001192092896
  },
  "JumpRight": {
    "Frame0": [ 4864.0, 128.0, 4992.0, 0.0 ],
    "Frame1": [ 4992.0, 128.0, 5120.0, 0.0 ],
    "NumFrames": 2,
    "Repeating": false,
    "SecsPerFrame": 0.10000001192092896
  },
  "JumpLeft": {
    "Frame0": [ 5120.0, 128.0, 5248.0, 0.0 ],
    "Frame1": [ 5248.0, 128.0, 5376.0, 0.0 ],
    "NumFrames": 2,
    "Repeating": false,
    "SecsPerFrame": 0.10000001192092896
  }
}