{
  "IdleRight": {
    "Frame0": [ 0.0, 128.0, 128.0, 0.0 ],
    "Frame1": [ 128.0, 128.0, 255.0, 0.0 ],
    "Frame2": [ 256.0, 128.0, 384.0, 0.0 ],
    "NumFrames": 3,
    "Repeating": true,
    "SecsPerFrame": 0.30000001192092896
  },

  "IdleLeft": {
    "Frame0": [ 384.0, 128.0, 512.0, 0.0 ],
    "Frame1": [ 512.0, 128.0, 640.0, 0.0 ],
    "Frame2": [ 640.0, 128.0, 768.0, 0.0 ],
    "NumFrames": 3,
    "Repeating": true,
    "SecsPerFrame": 0.30000001192092896

  },
  "WalkRight": {
    "Frame0": [ 768.0, 128.0, 896.0, 0.0 ],
    "Frame1": [ 896.0, 128.0, 1024.0, 0.0 ],
    "Frame2": [ 1024.0, 128.0, 1152.0, 0.0 ],
    "Frame3": [ 1152.0, 128.0, 1280.0, 0.0 ],
    "Frame4": [ 1280.0, 128.0, 1408.0, 0.0 ],
    "Frame5": [ 1152.0, 128.0, 1280.0, 0.0 ],
    "Frame6": [ 1024.0, 128.0, 1152.0, 0.0 ],
    "Frame7": [ 896.0, 128.0, 1024.0, 0.0 ],
    "NumFrames": 8,
    "Repeating": true,
    "SecsPerFrame": 0.10000001192092896
  },
  "WalkLeft": {
    "Frame0": [ 1408.0, 128.0, 1536.0, 0.0 ],
    "Frame1": [ 1536.0, 128.0, 1664.0, 0.0 ],
    "Frame2": [ 1664.0, 128.0, 1792.0, 0.0 ],
    "Frame3": [ 1792.0, 128.0, 1920.0, 0.0 ],
    "Frame4": [ 1920.0, 128.0, 2048.0, 0.0 ],
    "Frame5": [ 1792.0, 128.0, 1920.0, 0.0 ],
    "Frame6": [ 1664.0, 128.0, 1792.0, 0.0 ],
    "Frame7": [ 1536.0, 128.0, 1664.0, 0.0 ],
    "NumFrames": 8,
    "Repeating": true,
    "SecsPerFrame": 0.10000001192092896
  },
  "JumpLeft": {
    "Frame0": [ 2048.0, 128.0, 2176.0, 0.0 ],
    "Frame1": [ 2176.0, 128.0, 2304.0, 0.0 ],
    "NumFrames": 2,
    "Repeating": false,
    "SecsPerFrame": 0.10000001192092896
  },
  "JumpRight": {
    "Frame0": [ 2304.0, 128.0, 2432.0, 0.0 ],
    "Frame1": [ 2432.0, 128.0, 2560.0, 0.0 ],
    "NumFrames": 2,
    "Repeating": false,
    "SecsPerFrame": 0.10000001192092896
  },
  "SlideLeft": {
    "Frame0": [ 2560.0, 128.0, 2688.0, 0.0 ],
    "NumFrames": 1,
    "Repeating": true,
    "SecsPerFrame": 0.30000001192092896
  },
  "SlideRight": {
    "Frame0": [ 2688.0, 128.0, 2816.0, 0.0 ],
    "NumFrames": 1,
    "Repeating": true,
    "SecsPerFrame": 0.30000001192092896
  },
  "DashRight": {
    "Frame0": [ 2816.0, 128.0, 2944.0, 0.0 ],
    "NumFrames": 1,
    "Repeating": true,
    "SecsPerFrame": 0.30000001192092896
  },
  "DashLeft": {
    "Frame0": [ 2944.0, 128.0, 3072.0, 0.0 ],
    "NumFrames": 1,
    "Repeating": true,
    "SecsPerFrame": 0.30000001192092896
  }
}