{
  "CheckpointActive": {
    "Frame0": [ 0.0, 128.0, 128.0, 0.0 ],
    
    "NumFrames": 1,
    "Repeating": true,
    "SecsPerFrame": 0.30000001192092896
  },

  "CheckpointInactive": {
    "Frame0": [ 128.0, 128.0, 256.0, 0.0 ], //1536 + 128 width, height is 16 and 0 all the time

    "NumFrames": 1,
    "Repeating": true,
    "SecsPerFrame": 0.30000001192092896

  }
}